{
  "rows_used": 120000,
  "target": "isFraud",
  "scale_pos_weight": 26.842227378190255,
  "models": {
    "lr": {
      "default_0.5": {
        "threshold": 0.5,
        "pr_auc": 0.07267344140132909,
        "roc_auc": 0.648195814520724,
        "f1": 0.09183202584217813,
        "precision": 0.049176276771004945,
        "recall": 0.6925754060324826
      },
      "threshold_search": {
        "best_f1": 0.14958927799394728,
        "best_threshold": 0.6456263661384583,
        "precision": 0.11922811853893867,
        "recall": 0.20069605568445475
      },
      "tuned": {
        "threshold": 0.6456263661384583,
        "pr_auc": 0.07267344140132909,
        "roc_auc": 0.648195814520724,
        "f1": 0.14958927799394725,
        "precision": 0.11922811853893867,
        "recall": 0.20069605568445475
      }
    },
    "rf": {
      "default_0.5": {
        "threshold": 0.5,
        "pr_auc": 0.5434192644738975,
        "roc_auc": 0.8960329619177901,
        "f1": 0.49768160741885625,
        "precision": 0.44763670064874883,
        "recall": 0.5603248259860789
      },
      "threshold_search": {
        "best_f1": 0.5499645641389086,
        "best_threshold": 0.6212551134303892,
        "precision": 0.7067395264116576,
        "recall": 0.45011600928074247
      },
      "tuned": {
        "threshold": 0.6212551134303892,
        "pr_auc": 0.5434192644738975,
        "roc_auc": 0.8960329619177901,
        "f1": 0.5499645641389086,
        "precision": 0.7067395264116576,
        "recall": 0.45011600928074247
      }
    },
    "lgbm": {
      "default_0.5": {
        "threshold": 0.5,
        "pr_auc": 0.6527352714622427,
        "roc_auc": 0.9247490944577667,
        "f1": 0.5022385022385022,
        "precision": 0.386833855799373,
        "recall": 0.7157772621809745
      },
      "threshold_search": {
        "best_f1": 0.6239144956579826,
        "best_threshold": 0.7779116061210924,
        "precision": 0.7354330708661417,
        "recall": 0.5417633410672854
      },
      "tuned": {
        "threshold": 0.7779116061210924,
        "pr_auc": 0.6527352714622427,
        "roc_auc": 0.9247490944577667,
        "f1": 0.6239144956579826,
        "precision": 0.7354330708661417,
        "recall": 0.5417633410672854
      }
    },
    "xgb": {
      "default_0.5": {
        "threshold": 0.5,
        "pr_auc": 0.6708445316724696,
        "roc_auc": 0.9241659394986883,
        "f1": 0.5986394557823129,
        "precision": 0.5452812202097236,
        "recall": 0.6635730858468677
      },
      "threshold_search": {
        "best_f1": 0.649874055415617,
        "best_threshold": 0.6621958017349243,
        "precision": 0.7107438016528925,
        "recall": 0.5986078886310905
      },
      "tuned": {
        "threshold": 0.6621958017349243,
        "pr_auc": 0.6708445316724696,
        "roc_auc": 0.9241659394986883,
        "f1": 0.6498740554156172,
        "precision": 0.7107438016528925,
        "recall": 0.5986078886310905
      }
    }
  },
  "best_model": "xgb",
  "best_threshold": 0.6621958017349243,
  "best_pr_auc": 0.6708445316724696
}