{
  "rows_used": 590540,
  "target": "isFraud",
  "scale_pos_weight": 27.46147358274595,
  "models": {
    "lr": {
      "default_0.5": {
        "threshold": 0.5,
        "pr_auc": 0.178531242404134,
        "roc_auc": 0.8316905098032338,
        "f1": 0.1507616435830664,
        "precision": 0.0831701797655674,
        "recall": 0.8048720472440944
      },
      "threshold_search": {
        "best_f1": 0.32041455252078166,
        "best_threshold": 0.8565897345542908,
        "precision": 0.28543950759761494,
        "recall": 0.36515748031496065
      },
      "tuned": {
        "threshold": 0.8565897345542908,
        "pr_auc": 0.178531242404134,
        "roc_auc": 0.8316905098032338,
        "f1": 0.3204145525207816,
        "precision": 0.28543950759761494,
        "recall": 0.36515748031496065
      }
    },
    "rf": {
      "default_0.5": {
        "threshold": 0.5,
        "pr_auc": 0.45862033686782433,
        "roc_auc": 0.8779160991133552,
        "f1": 0.3625239005736138,
        "precision": 0.26301187437576296,
        "recall": 0.5831692913385826
      },
      "threshold_search": {
        "best_f1": 0.4581034935644865,
        "best_threshold": 0.633481111811405,
        "precision": 0.49126760563380284,
        "recall": 0.42913385826771655
      },
      "tuned": {
        "threshold": 0.633481111811405,
        "pr_auc": 0.45862033686782433,
        "roc_auc": 0.8779160991133552,
        "f1": 0.4581034935644865,
        "precision": 0.49126760563380284,
        "recall": 0.42913385826771655
      }
    },
    "lgbm": {
      "default_0.5": {
        "threshold": 0.5,
        "pr_auc": 0.5395490089578816,
        "roc_auc": 0.9116862953779133,
        "f1": 0.36757167267894436,
        "precision": 0.24742268041237114,
        "recall": 0.7145669291338582
      },
      "threshold_search": {
        "best_f1": 0.5295441755768149,
        "best_threshold": 0.8191524126506078,
        "precision": 0.6182654402102497,
        "recall": 0.4630905511811024
      },
      "tuned": {
        "threshold": 0.8191524126506078,
        "pr_auc": 0.5395490089578816,
        "roc_auc": 0.9116862953779133,
        "f1": 0.5295441755768149,
        "precision": 0.6182654402102497,
        "recall": 0.4630905511811024
      }
    },
    "xgb": {
      "default_0.5": {
        "threshold": 0.5,
        "pr_auc": 0.5512061165265868,
        "roc_auc": 0.918064606340984,
        "f1": 0.43502008032128514,
        "precision": 0.3229191509658955,
        "recall": 0.6663385826771654
      },
      "threshold_search": {
        "best_f1": 0.5365921399805582,
        "best_threshold": 0.7675812244415283,
        "precision": 0.6158750398469875,
        "recall": 0.47539370078740156
      },
      "tuned": {
        "threshold": 0.7675812244415283,
        "pr_auc": 0.5512061165265868,
        "roc_auc": 0.918064606340984,
        "f1": 0.5365921399805582,
        "precision": 0.6158750398469875,
        "recall": 0.47539370078740156
      }
    }
  },
  "best_model": "xgb",
  "best_threshold": 0.7675812244415283,
  "best_pr_auc": 0.5512061165265868,
  "split_type": "time_based"
}