{
  "rows_used": 590540,
  "target": "isFraud",
  "scale_pos_weight": 27.46147358274595,
  "models": {
    "lr": {
      "default_0.5": {
        "threshold": 0.5,
        "pr_auc": 0.17878444106956484,
        "roc_auc": 0.8318495421766345,
        "f1": 0.15070607477711995,
        "precision": 0.0831363578599568,
        "recall": 0.8048720472440944
      },
      "threshold_search_f1": {
        "best_f1": 0.32143254365476587,
        "best_threshold": 0.8654632568359375,
        "precision": 0.29328191597320885,
        "recall": 0.3555610236220472
      },
      "threshold_search_cost": {
        "best_threshold": 0.631,
        "min_cost": 44874.0,
        "fn": 1396,
        "fp": 16954,
        "tn": 97090,
        "tp": 2668
      },
      "selected_threshold_mode": "cost",
      "selected_threshold": 0.631,
      "selected_metrics": {
        "threshold": 0.631,
        "pr_auc": 0.17878444106956484,
        "roc_auc": 0.8318495421766345,
        "f1": 0.22528075656505953,
        "precision": 0.13596982978289676,
        "recall": 0.656496062992126
      }
    },
    "rf": {
      "default_0.5": {
        "threshold": 0.5,
        "pr_auc": 0.4588098622935729,
        "roc_auc": 0.876513261294439,
        "f1": 0.36514587212911237,
        "precision": 0.2666591115140526,
        "recall": 0.578986220472441
      },
      "threshold_search_f1": {
        "best_f1": 0.45553564042465194,
        "best_threshold": 0.6506932044432663,
        "precision": 0.5180307306365632,
        "recall": 0.406496062992126
      },
      "threshold_search_cost": {
        "best_threshold": 0.391,
        "min_cost": 37464.0,
        "fn": 1095,
        "fp": 15564,
        "tn": 98480,
        "tp": 2969
      },
      "selected_threshold_mode": "cost",
      "selected_threshold": 0.391,
      "selected_metrics": {
        "threshold": 0.391,
        "pr_auc": 0.4588098622935729,
        "roc_auc": 0.876513261294439,
        "f1": 0.2627782448997655,
        "precision": 0.16020072303458696,
        "recall": 0.7305610236220472
      }
    }
  },
  "best_model": "rf",
  "best_threshold": 0.391,
  "best_pr_auc": 0.4588098622935729,
  "split_type": "time_based",
  "threshold_mode": "cost",
  "fn_cost": 20.0,
  "fp_cost": 1.0
}